{
  "trend_var_share_components": 0.0674542117920966,
  "seasonal_var_share_components": 0.879765471834757,
  "residual_var_share_components": 0.052780316372051404,
  "residual_var_share_pred": 0.05148298670936124,
  "pred_var_share_future": 0.8025767198061484,
  "mean_abs_component_corr": 0.047149986028671265,
  "residual_to_signal_mse": 0.30264362692832947
}