{
  "trend_var_share_components": 0.0681374720543352,
  "seasonal_var_share_components": 0.88405665949694,
  "residual_var_share_components": 0.047805868447625806,
  "residual_var_share_pred": 0.047274259122583887,
  "pred_var_share_future": 0.3165381969286411,
  "mean_abs_component_corr": 0.04225240275263786,
  "residual_to_signal_mse": 2.0403904914855957
}