{
  "trend_var_share_components": 0.8743372366623675,
  "seasonal_var_share_components": 0.08521025219396831,
  "residual_var_share_components": 0.0404525111433758,
  "residual_var_share_pred": 0.03350264722464443,
  "pred_var_share_future": 0.01160347290105238,
  "mean_abs_component_corr": 0.07736769318580627,
  "residual_to_signal_mse": 357.36383056640625
}