{
  "trend_var_share_components": 0.817685103276027,
  "seasonal_var_share_components": 0.12488301117206041,
  "residual_var_share_components": 0.05743188555165908,
  "residual_var_share_pred": 0.04896410638672722,
  "pred_var_share_future": 0.47256008099263386,
  "mean_abs_component_corr": 0.10614576935768127,
  "residual_to_signal_mse": 9.902907371520996
}