{
  "trend_var_share_components": 0.05108909893680094,
  "seasonal_var_share_components": 0.8918669664971891,
  "residual_var_share_components": 0.05704393456492121,
  "residual_var_share_pred": 0.05641891321577305,
  "pred_var_share_future": 0.3187176961155969,
  "mean_abs_component_corr": 0.06211921200156212,
  "residual_to_signal_mse": 2.0680699348449707
}