{
  "trend_var_share_components": 0.061772993383548636,
  "seasonal_var_share_components": 0.8858026161027602,
  "residual_var_share_components": 0.05242439051261846,
  "residual_var_share_pred": 0.052101028162662384,
  "pred_var_share_future": 0.45076215385195245,
  "mean_abs_component_corr": 0.06230489909648895,
  "residual_to_signal_mse": 1.22452712059021
}