{
  "trend_var_share_components": 0.07135806331709962,
  "seasonal_var_share_components": 0.8862884350920589,
  "residual_var_share_components": 0.04235350158975294,
  "residual_var_share_pred": 0.04200922267576492,
  "pred_var_share_future": 0.445720883234667,
  "mean_abs_component_corr": 0.04347865656018257,
  "residual_to_signal_mse": 1.212883710861206
}